{"mean_flops_per_problem":1.3143673e+14,"_wandb":{"runtime":0},"_timestamp":1.7772015252008882e+09,"total_flops":6571836500000000,"_runtime":0,"correct":1,"flops_cumulative":6571836500000000,"step":50,"running_loss":0.36,"_step":49,"running_acc":0.64,"accuracy":0.64,"flops_used":131437224000000}