{"_timestamp":1.777201519721758e+09,"flops_cumulative":14072084000000,"total_flops":14072084000000,"_runtime":0,"accuracy":0.34,"mean_flops_per_problem":2.8144168e+11,"_wandb":{"runtime":0},"flops_used":348764000000,"_step":49,"step":50,"running_loss":0.6599999999999999,"correct":1,"running_acc":0.34}