{
  "substrate v3 N=200": {
    "n": 200,
    "a_b": 0.795,
    "a_b_ci": [
      0.7323460792147147,
      0.8486894280044806
    ],
    "oracle": 0.88
  },
  "cmajc seed=1 v3+commit-v3 N=100": {
    "n": 100,
    "a_b": 0.82,
    "a_b_ci": [
      0.7305229140331881,
      0.8896887708467395
    ],
    "oracle": 0.9
  },
  "cmajc seed=2 v3+commit-v3 N=100": {
    "n": 100,
    "a_b": 0.82,
    "a_b_ci": [
      0.7305229140331881,
      0.8896887708467395
    ],
    "oracle": 0.9
  }
}