{
  "0.3": {
    "n": 50,
    "a_b": 0.78,
    "a_b_correct_count": 39,
    "a_b_ci_low": 0.6403881114342107,
    "a_b_ci_high": 0.8847341739621514,
    "bar_a1": 0.728,
    "bar_p_maj": 0.8519999999999998,
    "oracle": 0.84,
    "oracle_ci_low": 0.7088736934048891,
    "oracle_ci_high": 0.9282992328167138,
    "diversity_gap": 0.05999999999999994
  },
  "0.7": {
    "n": 50,
    "a_b": 0.78,
    "a_b_correct_count": 39,
    "a_b_ci_low": 0.6403881114342107,
    "a_b_ci_high": 0.8847341739621514,
    "bar_a1": 0.724,
    "bar_p_maj": 0.7999999999999998,
    "oracle": 0.9,
    "oracle_ci_low": 0.7818646335657977,
    "oracle_ci_high": 0.9667249064109775,
    "diversity_gap": 0.12
  },
  "1.0": {
    "n": 50,
    "a_b": 0.76,
    "a_b_correct_count": 38,
    "a_b_ci_low": 0.6183092518959619,
    "a_b_ci_high": 0.8693900838025427,
    "bar_a1": 0.676,
    "bar_p_maj": 0.7599999999999999,
    "oracle": 0.84,
    "oracle_ci_low": 0.7088736934048891,
    "oracle_ci_high": 0.9282992328167138,
    "diversity_gap": 0.07999999999999996
  }
}