{
  "rich_path": "/tmp/rich_substrate_n500.jsonl",
  "n_branches": 1051,
  "n_problems": 211,
  "fold_results": [
    {
      "n_problems": 42,
      "n_train_steps": 3364,
      "cmaj_acc": 0.8571428571428571,
      "verifier_acc": 0.7380952380952381,
      "oracle_acc": 0.9523809523809523,
      "verifier_recovers": 1,
      "delta_pp": -11.904761904761903,
      "feature_importance": [
        -1.211998554415797,
        0.32269203569310806,
        -0.0019144844439331608,
        -0.1690086443456703,
        -0.41705572542058594,
        0.05099551704804156,
        -0.12286541967821034,
        0.14435109781149114,
        -0.41632394803607903,
        0.0,
        -0.6345305628509266,
        0.0,
        -0.14807754487563352,
        0.0
      ]
    },
    {
      "n_problems": 42,
      "n_train_steps": 3364,
      "cmaj_acc": 0.7142857142857143,
      "verifier_acc": 0.6190476190476191,
      "oracle_acc": 0.8095238095238095,
      "verifier_recovers": 0,
      "delta_pp": -9.523809523809524,
      "feature_importance": [
        -1.7283881109084596,
        0.9549746085092913,
        -0.058487542073882653,
        -0.06320924389374566,
        -0.8091916078179625,
        -0.571457900220422,
        -0.15610816485550552,
        0.24028397274606023,
        -0.37793672761716185,
        0.0,
        -0.5692406745031411,
        0.0,
        -0.2481572611590517,
        0.0
      ]
    },
    {
      "n_problems": 42,
      "n_train_steps": 3364,
      "cmaj_acc": 0.7142857142857143,
      "verifier_acc": 0.6190476190476191,
      "oracle_acc": 0.7619047619047619,
      "verifier_recovers": 0,
      "delta_pp": -9.523809523809524,
      "feature_importance": [
        -1.7703413070621514,
        0.34366220488768384,
        0.09939076634849774,
        -0.13985379258003933,
        -0.9387721960522026,
        -0.12791406518716317,
        -0.1930987153984695,
        0.08670489125283788,
        -0.39415834701677716,
        0.0,
        -0.47325795583909197,
        0.0,
        -0.1386220543786185,
        0.0
      ]
    },
    {
      "n_problems": 42,
      "n_train_steps": 3364,
      "cmaj_acc": 0.8095238095238095,
      "verifier_acc": 0.7619047619047619,
      "oracle_acc": 0.8571428571428571,
      "verifier_recovers": 2,
      "delta_pp": -4.761904761904762,
      "feature_importance": [
        -1.4581812435406096,
        0.3722776599019278,
        0.03787044931384338,
        -0.09315703353266572,
        -0.6266696021243441,
        -0.0876051776139097,
        -0.0869855369781908,
        0.11746656273078991,
        -0.428400539818644,
        0.0,
        -0.5356741763818782,
        0.0,
        -0.16934309525067553,
        0.0
      ]
    },
    {
      "n_problems": 43,
      "n_train_steps": 3360,
      "cmaj_acc": 0.8604651162790697,
      "verifier_acc": 0.8372093023255814,
      "oracle_acc": 0.9302325581395349,
      "verifier_recovers": 1,
      "delta_pp": -2.3255813953488373,
      "feature_importance": [
        -0.7607051737320667,
        0.4903440141440636,
        -0.0032222185908191902,
        -0.1385268934113268,
        -0.014453102035979276,
        -0.08724104754791624,
        -0.16882432074502712,
        0.170889039175477,
        -0.3562758622267702,
        0.0,
        -0.6346299190440844,
        0.0,
        -0.12013502619066171,
        0.0
      ]
    }
  ],
  "mean_cmaj": 0.7911406423034328,
  "mean_verifier": 0.7150609080841639,
  "mean_oracle": 0.8622369878183832,
  "delta_pp_vs_cmaj": -7.607973421926895,
  "decision": "LOSS"
}