{
  "n_branches": 1051,
  "n_problems": 211,
  "cv_folds": 5,
  "fold_results": [
    {
      "n_problems": 42,
      "n_train_branches": 841,
      "n_test_branches": 210,
      "cmaj_acc": 0.8571428571428571,
      "verifier_acc": 0.7619047619047619,
      "oracle_acc": 0.9523809523809523,
      "verifier_recovers": 2,
      "delta_pp": -9.523809523809524,
      "gap_closure": -1.0,
      "feature_importance": [
        0.0,
        -0.16013516117415222,
        0.07356532896494185,
        -0.2544420357975143,
        -0.049833956449066436,
        -0.898459320582906,
        0.0,
        0.0,
        0.0,
        -0.4154786049963283,
        -0.436845177315728,
        -0.09316639262020385,
        -0.1645032387659945
      ]
    },
    {
      "n_problems": 42,
      "n_train_branches": 841,
      "n_test_branches": 210,
      "cmaj_acc": 0.7142857142857143,
      "verifier_acc": 0.6428571428571429,
      "oracle_acc": 0.8095238095238095,
      "verifier_recovers": 0,
      "delta_pp": -7.142857142857142,
      "gap_closure": -0.75,
      "feature_importance": [
        0.0,
        -0.19873546074833823,
        0.029935811669412764,
        0.37469064141915237,
        -0.04557284455326323,
        -1.1597238888808394,
        0.0,
        0.0,
        0.0,
        -0.3818037770906233,
        -0.6552216674566317,
        -0.8560466743948686,
        -0.12764262718223546
      ]
    },
    {
      "n_problems": 42,
      "n_train_branches": 841,
      "n_test_branches": 210,
      "cmaj_acc": 0.7142857142857143,
      "verifier_acc": 0.6428571428571429,
      "oracle_acc": 0.7619047619047619,
      "verifier_recovers": 0,
      "delta_pp": -7.142857142857142,
      "gap_closure": -1.5,
      "feature_importance": [
        0.0,
        -0.3729494179000476,
        0.06932295664049508,
        -0.07709449788085061,
        -0.2583682632884513,
        -1.0647152579405592,
        0.0,
        0.0,
        0.0,
        -0.28519860257730345,
        -0.818789303318471,
        -0.18908986629612493,
        -0.3403838514485726
      ]
    },
    {
      "n_problems": 42,
      "n_train_branches": 841,
      "n_test_branches": 210,
      "cmaj_acc": 0.8095238095238095,
      "verifier_acc": 0.8095238095238095,
      "oracle_acc": 0.8571428571428571,
      "verifier_recovers": 1,
      "delta_pp": 0.0,
      "gap_closure": 0.0,
      "feature_importance": [
        0.0,
        -0.03992130539675003,
        0.12493413991491296,
        -0.36087033638214594,
        0.10929773450324358,
        -1.0128884674456828,
        0.0,
        0.0,
        0.0,
        -0.3880736938766451,
        -0.3198758302989319,
        -0.17657767854747058,
        -0.13847647953472397
      ]
    },
    {
      "n_problems": 43,
      "n_train_branches": 840,
      "n_test_branches": 211,
      "cmaj_acc": 0.8604651162790697,
      "verifier_acc": 0.7906976744186046,
      "oracle_acc": 0.9302325581395349,
      "verifier_recovers": 1,
      "delta_pp": -6.976744186046512,
      "gap_closure": -1.0,
      "feature_importance": [
        0.0,
        0.12038103892490061,
        0.17635652705608532,
        -0.10674673047140729,
        0.2772885309565225,
        -0.9251096140777446,
        0.0,
        0.0,
        0.0,
        -0.46858553476505177,
        0.08177520325057945,
        -0.3067588985935944,
        -0.25981426727613965
      ]
    }
  ],
  "mean_cmaj": 0.7911406423034328,
  "mean_verifier": 0.7295681063122923,
  "mean_oracle": 0.8622369878183832,
  "delta_pp_vs_cmaj": -6.157253599114054,
  "gap_closure": -0.8660436137071613,
  "decision": "LOSS"
}