{
  "n_branches": 1000,
  "n_problems": 200,
  "cv_folds": 5,
  "fold_results": [
    {
      "n_problems": 40,
      "n_train_branches": 800,
      "n_test_branches": 200,
      "cmaj_acc": 0.875,
      "verifier_acc": 0.825,
      "oracle_acc": 0.9,
      "verifier_recovers": 1,
      "delta_pp": -5.0,
      "gap_closure": -2.0,
      "feature_importance": [
        0.0,
        -0.5943623493584074,
        -0.03851293006865338,
        0.6049787130218626,
        -0.58688831757602,
        -0.5434519156922839,
        0.0,
        0.0,
        0.0,
        -0.2670195335242879,
        -0.609839248726938,
        -0.41489034903036565,
        -0.33447605859871044
      ]
    },
    {
      "n_problems": 40,
      "n_train_branches": 800,
      "n_test_branches": 200,
      "cmaj_acc": 0.775,
      "verifier_acc": 0.65,
      "oracle_acc": 0.825,
      "verifier_recovers": 0,
      "delta_pp": -12.5,
      "gap_closure": -2.5,
      "feature_importance": [
        0.0,
        -0.6063176683489037,
        -0.13120234783431628,
        0.6967008511623117,
        -0.5763174791019068,
        -0.7250244997749725,
        0.0,
        0.0,
        0.0,
        -0.1898779398126053,
        -0.8513029150311894,
        -0.547474819516012,
        -0.3430087336550535
      ]
    },
    {
      "n_problems": 40,
      "n_train_branches": 800,
      "n_test_branches": 200,
      "cmaj_acc": 0.775,
      "verifier_acc": 0.8,
      "oracle_acc": 0.975,
      "verifier_recovers": 4,
      "delta_pp": 2.5,
      "gap_closure": 0.125,
      "feature_importance": [
        0.0,
        -0.5097770062812738,
        -0.14437708522268938,
        0.7040760589049212,
        -0.48759595676212064,
        -0.5758244942195592,
        0.0,
        0.0,
        0.0,
        -0.21419226270775774,
        -0.4993726305792427,
        -0.47351653919965,
        -0.24055259052704694
      ]
    },
    {
      "n_problems": 40,
      "n_train_branches": 800,
      "n_test_branches": 200,
      "cmaj_acc": 0.875,
      "verifier_acc": 0.75,
      "oracle_acc": 0.925,
      "verifier_recovers": 0,
      "delta_pp": -12.5,
      "gap_closure": -2.5,
      "feature_importance": [
        0.0,
        -0.6145643530526823,
        -0.28299253693252663,
        0.7090960233440994,
        -0.6232741056424816,
        -0.4594871045852981,
        0.0,
        0.0,
        0.0,
        -0.4117697765247368,
        -0.2082542151089987,
        -0.04349366372921292,
        -0.42506651095905945
      ]
    },
    {
      "n_problems": 40,
      "n_train_branches": 800,
      "n_test_branches": 200,
      "cmaj_acc": 0.85,
      "verifier_acc": 0.85,
      "oracle_acc": 0.925,
      "verifier_recovers": 1,
      "delta_pp": 0.0,
      "gap_closure": 0.0,
      "feature_importance": [
        0.0,
        -0.5916056456511765,
        -0.10978164298645056,
        0.6297900701843938,
        -0.5614278935599135,
        -0.6920590921032996,
        0.0,
        0.0,
        0.0,
        -0.3100719525474741,
        -0.7326726362811099,
        -0.41635889737248605,
        -0.3058522172082136
      ]
    }
  ],
  "mean_cmaj": 0.8299999999999998,
  "mean_verifier": 0.7750000000000001,
  "mean_oracle": 0.9099999999999999,
  "delta_pp_vs_cmaj": -5.499999999999972,
  "gap_closure": -0.6874999999999959,
  "decision": "LOSS"
}