{
  "rich_path": "phase2/spikes/option3-process-reward/rich_substrate_n500.jsonl",
  "n_branches": 1051,
  "n_problems": 211,
  "fold_results": [
    {
      "n_problems": 42,
      "n_train_pairs": 332,
      "cmaj_acc": 0.8571428571428571,
      "verifier_acc": 0.7142857142857143,
      "oracle_acc": 0.9523809523809523,
      "verifier_recovers": 1,
      "delta_pp": -14.285714285714285,
      "gap_closure": -1.5,
      "feature_importance": [
        0.0,
        -0.31710865888658185,
        -0.1434749389407593,
        -0.6612705966410567,
        -0.15630670035571867,
        -1.1703013300615337,
        0.0,
        0.0,
        0.0,
        0.039165029016186806,
        -0.6356258095652897,
        0.6313057891311439,
        -0.2583966601769095
      ]
    },
    {
      "n_problems": 42,
      "n_train_pairs": 354,
      "cmaj_acc": 0.7142857142857143,
      "verifier_acc": 0.6428571428571429,
      "oracle_acc": 0.8095238095238095,
      "verifier_recovers": 1,
      "delta_pp": -7.142857142857142,
      "gap_closure": -0.75,
      "feature_importance": [
        0.0,
        -0.40535726582063675,
        0.1139458439626666,
        0.2183488936740704,
        -0.21614812107001835,
        -1.389972428700705,
        0.0,
        0.0,
        0.0,
        0.34264002459566756,
        -1.245824250961931,
        -0.4165086365923797,
        -0.35789081536270306
      ]
    },
    {
      "n_problems": 42,
      "n_train_pairs": 376,
      "cmaj_acc": 0.7142857142857143,
      "verifier_acc": 0.6666666666666666,
      "oracle_acc": 0.7619047619047619,
      "verifier_recovers": 1,
      "delta_pp": -4.761904761904762,
      "gap_closure": -1.0,
      "feature_importance": [
        0.0,
        -0.38231509851342127,
        0.25684585040915325,
        -0.5351221640407025,
        -0.2369512480276299,
        -1.1564109820668271,
        0.0,
        0.0,
        0.0,
        0.4517686604731225,
        -0.9214735318764272,
        0.5026616623936597,
        -0.3318911399119646
      ]
    },
    {
      "n_problems": 42,
      "n_train_pairs": 376,
      "cmaj_acc": 0.8095238095238095,
      "verifier_acc": 0.7619047619047619,
      "oracle_acc": 0.8571428571428571,
      "verifier_recovers": 0,
      "delta_pp": -4.761904761904762,
      "gap_closure": -1.0,
      "feature_importance": [
        0.0,
        -0.07615249985189886,
        0.21532574532409307,
        -0.5221497756891391,
        0.14126291659348197,
        -1.3202162110344924,
        0.0,
        0.0,
        0.0,
        0.1626447454305483,
        -0.6174021558869863,
        0.1689605726910697,
        -0.3493772088856766
      ]
    },
    {
      "n_problems": 43,
      "n_train_pairs": 378,
      "cmaj_acc": 0.8604651162790697,
      "verifier_acc": 0.8837209302325582,
      "oracle_acc": 0.9302325581395349,
      "verifier_recovers": 2,
      "delta_pp": 2.3255813953488373,
      "gap_closure": 0.3333333333333333,
      "feature_importance": [
        0.0,
        0.01771419025112991,
        0.11180333286584294,
        -0.2344115449558217,
        0.24081070704908822,
        -1.2541645569950668,
        0.0,
        0.0,
        0.0,
        0.276683961076283,
        -0.21063412012260424,
        0.005517435282414093,
        -0.5566981722333137
      ]
    }
  ],
  "mean_cmaj": 0.7911406423034328,
  "mean_verifier": 0.7338870431893687,
  "mean_oracle": 0.8622369878183832,
  "delta_pp_vs_cmaj": -5.7253599114064135,
  "decision": "LOSS"
}