{
  "n_branches": 250,
  "n_problems": 50,
  "cv_folds": 5,
  "fold_results": [
    {
      "n_problems": 10,
      "n_train_branches": 200,
      "n_test_branches": 50,
      "cmaj_acc": 1.0,
      "verifier_acc": 1.0,
      "oracle_acc": 1.0,
      "verifier_recovers": 0,
      "delta_pp": 0.0,
      "gap_closure": 0.0,
      "feature_importance": [
        0.0,
        0.15515640622024313,
        -0.2859557660249041,
        0.5349773101972284,
        0.3098912658188832,
        -0.8934723568624884,
        0.0,
        0.0,
        0.0,
        -0.46875303190173534,
        -0.20819675840791266,
        -1.5420533246178045,
        -0.0498971077639636
      ]
    },
    {
      "n_problems": 10,
      "n_train_branches": 200,
      "n_test_branches": 50,
      "cmaj_acc": 0.9,
      "verifier_acc": 0.7,
      "oracle_acc": 0.9,
      "verifier_recovers": 0,
      "delta_pp": -20.0,
      "gap_closure": -1999999999.9999998,
      "feature_importance": [
        0.0,
        0.07860430881084486,
        -0.5089173324539038,
        0.8050676089758066,
        0.2251361476656211,
        -0.9510053324962847,
        0.0,
        0.0,
        0.0,
        -0.07740476207382599,
        -0.24103762962421976,
        -1.4462772540353976,
        -0.053759013129684695
      ]
    },
    {
      "n_problems": 10,
      "n_train_branches": 200,
      "n_test_branches": 50,
      "cmaj_acc": 0.9,
      "verifier_acc": 0.7,
      "oracle_acc": 0.9,
      "verifier_recovers": 0,
      "delta_pp": -20.0,
      "gap_closure": -1999999999.9999998,
      "feature_importance": [
        0.0,
        0.26030132067805906,
        -0.42299664399902687,
        0.7840826291127009,
        0.4109488082717944,
        -0.7441785183752593,
        0.0,
        0.0,
        0.0,
        -0.12844702977868255,
        0.036445413303196283,
        -1.6490007350856715,
        -0.006148324798263681
      ]
    },
    {
      "n_problems": 10,
      "n_train_branches": 200,
      "n_test_branches": 50,
      "cmaj_acc": 0.7,
      "verifier_acc": 0.7,
      "oracle_acc": 0.8,
      "verifier_recovers": 1,
      "delta_pp": 0.0,
      "gap_closure": 0.0,
      "feature_importance": [
        0.0,
        0.13330210523270028,
        -0.6020115591487648,
        0.3841472828702164,
        0.2887575835254211,
        -1.044165396486163,
        0.0,
        0.0,
        0.0,
        -0.09709443246467005,
        -0.7515998567232131,
        -1.4130387494618608,
        -0.16709089854222775
      ]
    },
    {
      "n_problems": 10,
      "n_train_branches": 200,
      "n_test_branches": 50,
      "cmaj_acc": 0.6,
      "verifier_acc": 0.6,
      "oracle_acc": 0.7,
      "verifier_recovers": 0,
      "delta_pp": 0.0,
      "gap_closure": 0.0,
      "feature_importance": [
        0.0,
        -0.03523181874273094,
        -0.26530557209972494,
        -0.018253105542393032,
        0.039087722671855736,
        -0.5460397489036769,
        0.0,
        0.0,
        0.0,
        -0.09084373015296807,
        -0.348751797670279,
        -0.8825787456848024,
        -0.1982861813357942
      ]
    }
  ],
  "mean_cmaj": 0.82,
  "mean_verifier": 0.74,
  "mean_oracle": 0.86,
  "delta_pp_vs_cmaj": -7.9999999999999964,
  "gap_closure": -1.9999999999999973,
  "decision": "LOSS"
}