{
  "n_branches": 500,
  "n_problems": 100,
  "cv_folds": 5,
  "fold_results": [
    {
      "n_problems": 20,
      "n_train_branches": 400,
      "n_test_branches": 100,
      "cmaj_acc": 0.8,
      "verifier_acc": 0.8,
      "oracle_acc": 0.85,
      "verifier_recovers": 1,
      "delta_pp": 0.0,
      "gap_closure": 0.0,
      "feature_importance": [
        0.0,
        -0.010009707707596651,
        -0.3290102702989972,
        1.0931098024354913,
        0.06675981576527851,
        -0.5821329582906224,
        0.0,
        0.0,
        0.0,
        -0.31181240855820314,
        0.19831637869403335,
        -1.2610004721590882,
        -0.3348584666303793
      ]
    },
    {
      "n_problems": 20,
      "n_train_branches": 400,
      "n_test_branches": 100,
      "cmaj_acc": 0.95,
      "verifier_acc": 0.95,
      "oracle_acc": 1.0,
      "verifier_recovers": 1,
      "delta_pp": 0.0,
      "gap_closure": 0.0,
      "feature_importance": [
        0.0,
        -0.2808635658100424,
        -0.1893030995274418,
        0.704651728671083,
        -0.22280479154008906,
        -0.6514434743235964,
        0.0,
        0.0,
        0.0,
        -0.27214778031326337,
        -0.3701995697771186,
        -0.9187417426256818,
        -0.35081583638430913
      ]
    },
    {
      "n_problems": 20,
      "n_train_branches": 400,
      "n_test_branches": 100,
      "cmaj_acc": 0.95,
      "verifier_acc": 0.9,
      "oracle_acc": 1.0,
      "verifier_recovers": 0,
      "delta_pp": -5.0,
      "gap_closure": -1.0,
      "feature_importance": [
        0.0,
        -0.17477061806439897,
        -0.3482486284282816,
        0.8506921852774474,
        -0.07561265497128687,
        -0.8708092514679542,
        0.0,
        0.0,
        0.0,
        -0.160198523626447,
        -0.46303298381138824,
        -1.0399802571030416,
        -0.27311860821213757
      ]
    },
    {
      "n_problems": 20,
      "n_train_branches": 400,
      "n_test_branches": 100,
      "cmaj_acc": 0.85,
      "verifier_acc": 0.7,
      "oracle_acc": 0.85,
      "verifier_recovers": 0,
      "delta_pp": -15.0,
      "gap_closure": -3000000000.0,
      "feature_importance": [
        0.0,
        -0.10490208209019859,
        -0.17351386740907898,
        0.6058702486164472,
        0.007877973959164156,
        -0.9455666005513972,
        0.0,
        0.0,
        0.0,
        -0.2916446762134697,
        -0.7286051818276003,
        -1.1866583028391269,
        -0.3611405355869002
      ]
    },
    {
      "n_problems": 20,
      "n_train_branches": 400,
      "n_test_branches": 100,
      "cmaj_acc": 0.7,
      "verifier_acc": 0.7,
      "oracle_acc": 0.85,
      "verifier_recovers": 1,
      "delta_pp": 0.0,
      "gap_closure": 0.0,
      "feature_importance": [
        0.0,
        0.1229925241778517,
        -0.3416811867264516,
        0.8855071161914103,
        0.2422394536407112,
        -0.7627471061579016,
        0.0,
        0.0,
        0.0,
        -0.10138132082761608,
        0.446039563616443,
        -1.1438184804120548,
        -0.5348353603048125
      ]
    }
  ],
  "mean_cmaj": 0.85,
  "mean_verifier": 0.8099999999999999,
  "mean_oracle": 0.9099999999999999,
  "delta_pp_vs_cmaj": -4.0000000000000036,
  "gap_closure": -0.6666666666666679,
  "decision": "LOSS"
}